{"cameraMode":{"drawMode":0,"name":"Shaded","section":"Shading Mode"},"sceneLighting":true,"audioPlay":false,"sceneViewState":{"m_AlwaysRefresh":false,"showFog":true,"showSkybox":true,"showFlares":true,"showImageEffects":true,"showParticleSystems":true,"showVisualEffectGraphs":true,"m_FxEnabled":true},"in2DMode":false,"pivot":{"x":979.8336181640625,"y":554.5906982421875,"z":16.928272247314454},"rotation":{"x":0.02398989535868168,"y":-0.025489890947937967,"z":0.0006118747987784445,"w":0.9993869066238403},"size":588.2262573242188,"orthographic":true}